local_path,remote_path,suffix,size_bytes,n_columns,columns_preview,n_lines
data/raw_remote/arcdev/data/qneuromark/Data/AIBL/demos/AIBL_ALL_2_11_2022.csv,/data/qneuromark/Data/AIBL/demos/AIBL_ALL_2_11_2022.csv,.csv,576247,12,Image Data ID|Subject|Group|Sex|Age|Visit|Modality|Description|Type|Acq Date|Format|Downloaded,5587
data/raw_remote/arcdev/data/qneuromark/Data/AIBL/demos/aibl_cdr_01-Jun-2018.csv,/data/qneuromark/Data/AIBL/demos/aibl_cdr_01-Jun-2018.csv,.csv,38850,5,RID|SITEID|VISCODE|EXAMDATE|CDGLOBAL,1689
data/raw_remote/arcdev/data/qneuromark/Data/AIBL/demos/aibl_mmse_01-Jun-2018.csv,/data/qneuromark/Data/AIBL/demos/aibl_mmse_01-Jun-2018.csv,.csv,39806,5,RID|SITEID|VISCODE|EXAMDATE|MMSCORE,1689
data/raw_remote/arcdev/data/qneuromark/Data/AIBL/demos/aibl_mrimeta_01-Jun-2018.csv,/data/qneuromark/Data/AIBL/demos/aibl_mrimeta_01-Jun-2018.csv,.csv,19271,11,RID|SITEID|VISCODE|MMCONDCT|EXAMDATE|MMSCOUT|MMSMPRAGE|MMRMPRAGE|MMB1HEAD|MMB1BODY|MMECHO,656
data/raw_remote/arcdev/data/qneuromark/Data/AIBL/demos/aibl_pdxconv_01-Jun-2018.csv,/data/qneuromark/Data/AIBL/demos/aibl_pdxconv_01-Jun-2018.csv,.csv,48350,10,RID|SITEID|VISCODE|DXCURREN|DXNORM|DXNODEP|DXMCI|DXAD|DXPARK|DXOTHDEM,1689
data/raw_remote/arcdev/data/qneuromark/Data/AIBL/demos/aibl_ptdemog_01-Jun-2018.csv,/data/qneuromark/Data/AIBL/demos/aibl_ptdemog_01-Jun-2018.csv,.csv,14960,5,RID|SITEID|VISCODE|PTGENDER|PTDOB,863
data/raw_remote/arcdev/data/qneuromark/Data/COBRE/Data_info/PANSS_COBRE.csv,/data/qneuromark/Data/COBRE/Data_info/PANSS_COBRE.csv,.csv,30917,36,Anonymized ID|Subject Type|Sub Study Label|Days since sub study enrollment|Visit|Days since first enrollment|Delusions|Conceptual Disorganization|Hallucinatory Behavior|Excitement|Grandiosity|Suspiciousness/Persecution|Hostility|Blunted Affect|Emotional Withdrawal|Poor Rapport|Passive/Apathetic Social Withdrawal|Difficulty in Abstract Thinking|Lack of Spontaneity and Flow of Conversation|Stereotyped Thinking|Somatic Concern|Anxiety|Guilt Feelings|Tension|Mannerisms and Posturing|Depression|Motor Retardation|Uncooperativeness|Unusual Thought Content|Disorientation|Poor Attention|Lack of Judgment and Insight|Disturbance of Volition|Poor Impulse Control|Preoccupation|Active Social Avoidance,175
data/raw_remote/arcdev/data/qneuromark/Data/COBRE/Data_info/pheno_comb_cobre_all.csv,/data/qneuromark/Data/COBRE/Data_info/pheno_comb_cobre_all.csv,.csv,6844,4,URSI|Age|Sex|Diagnosis,253
data/raw_remote/arcdev/data/qneuromark/Data/FBIRN/Data_info/fBIRN_CMINDS_4rsfMRI2_G.csv,/data/qneuromark/Data/FBIRN/Data_info/fBIRN_CMINDS_4rsfMRI2_G.csv,.csv,27161,11,SubjectID|sDEMOG_DIAGNOSIS|sDEMOG_GENDER|nDEMOG_CUR_AGE|SpeedOfProcessing|AttentionVigilance|WorkingMemory|VerbalLearning|VisualLearning|ReasoningProblemSolving|CMINDS_composite,333
data/raw_remote/arcdev/data/qneuromark/Data/MIRIAD/files/assessments_2_11_2022_23_7_20.csv,/data/qneuromark/Data/MIRIAD/files/assessments_2_11_2022_23_7_20.csv,.csv,18666,13,id|Label|Subject|Gender|MMSE|memory|orientation|judgment_problem_solving|community_affairs|home_hobbies|personal_care|sumbox|rating,269
data/raw_remote/arcdev/data/qneuromark/Data/MIRIAD/files/counts_2_11_2022_23_8_47.csv,/data/qneuromark/Data/MIRIAD/files/counts_2_11_2022_23_8_47.csv,.csv,1695,7,Subject|Gender|Hand|YOB|Education|Ses|MR Count,70
data/raw_remote/arcdev/data/qneuromark/Data/MIRIAD/files/scans_2_11_2022_23_15_29.csv,/data/qneuromark/Data/MIRIAD/files/scans_2_11_2022_23_15_29.csv,.csv,37599,9,Label|Project|Date|Subject|M/F|Age|Type|Scanner|Scans,709
data/raw_remote/arcdev/data/qneuromark/Data/NACC/data/investigator_apet_nacc65.csv,/data/qneuromark/Data/NACC/data/investigator_apet_nacc65.csv,.csv,27417,16,NACCADC|NACCID|APETMO|APETDY|APETYR|NACCAPTA|NACCAPTF|NACCAPNM|NACCAPTD|APETMANU|APETMODL|NACCNAPT|NACCAPET|LIGANDN|NACCAPSA|NACCNAPA,456
data/raw_remote/arcdev/data/qneuromark/Data/NACC/data/investigator_fcsf_nacc65.csv,/data/qneuromark/Data/NACC/data/investigator_fcsf_nacc65.csv,.csv,285697,23,NACCADC|NACCID|CSFABETA|CSFPTAU|CSFTTAU|CSFLPMO|CSFLPDY|CSFLPYR|CSFABMO|CSFABDY|CSFABYR|CSFABMD|CSFABMDX|CSFPTMO|CSFPTDY|CSFPTYR|CSFPTMD|CSFPTMDX|CSFTTMO|CSFTTDY|CSFTTYR|CSFTTMD|CSFTTMDX,3052
data/raw_remote/arcdev/data/qneuromark/Data/NACC/data/investigator_mri_nacc65.csv,/data/qneuromark/Data/NACC/data/investigator_mri_nacc65.csv,.csv,16735379,191,NACCADC|NACCID|MRIMO|MRIDY|MRIYR|NACCMRIA|NACCMRFI|NACCMNUM|NACCMRDY|MRIT1|MRIT2|MRIDTI|MRIDWI|MRIFLAIR|MRIOTHER|MRIFIELD|MRIMANU|MRIMODL|NACCMVOL|NACCICV|NACCBRNV|NACCWMVL|NACCNIFT|FRONTGRY|FRONTWHT|FRONTCSF|OCCIPGRY|OCCIPWHT|OCCIPCSF|PARGRY|PARWHT|PARCSF|TEMPGRY|TEMPWHT|TEMPCSF|CSFVOL|GRAYVOL|WHITEVOL|WMHVOL|HIPPOVOL,11731
data/raw_remote/arcdev/data/qneuromark/Data/SZ_JH/Data_info/demo.csv,/data/qneuromark/Data/SZ_JH/Data_info/demo.csv,.csv,16477,11,scan_id|id|subject|group|dx|visit|age|gender|race|cpz|doi,186
data/raw_remote/arcdev/data/qneuromark/Data/SZ_JH/Data_info/neuropsychological_test.csv,/data/qneuromark/Data/SZ_JH/Data_info/neuropsychological_test.csv,.csv,17686,11,id|subject|visit|IQ|Processing_Speed|Attention_Memory|Verbal_Memory|Visual_Memory|Ideational_Fluency|Executive_Function|Composite_Score,181
data/raw_remote/arcdev/data/qneuromark/Data/SZ_JH/Data_info/sans_saps.csv,/data/qneuromark/Data/SZ_JH/Data_info/sans_saps.csv,.csv,4254,14,id|subject|year|hallucination|delusion|bizarre_behaviour|PFTD|affective_flattening|alogia|avolition|anhedonia|attention|saps_total|sans_total,89
data/raw_remote/arcdev/data/users1/ywei/data/ABCD/fmri/descriptors/fc_self_descriptors.csv,/data/users1/ywei/data/ABCD/fmri/descriptors/fc_self_descriptors.csv,.csv,29263436,87,Cont-Cont|Cont-Default|Cont-DorsAttn|Cont-Limbic|Cont-SalVentAttn|Cont-SomMot|Cont-Vis|Default-Default|Default-DorsAttn|Default-Limbic|Default-SalVentAttn|Default-SomMot|Default-Vis|DorsAttn-DorsAttn|DorsAttn-Limbic|DorsAttn-SalVentAttn|DorsAttn-SomMot|DorsAttn-Vis|Limbic-Limbic|Limbic-SalVentAttn|Limbic-SomMot|Limbic-Vis|SalVentAttn-SalVentAttn|SalVentAttn-SomMot|SalVentAttn-Vis|SomMot-SomMot|SomMot-Vis|Vis-Vis|subject_id|session_id|Cont-Cont_z|Cont-Default_z|Cont-DorsAttn_z|Cont-Limbic_z|Cont-SalVentAttn_z|Cont-SomMot_z|Cont-Vis_z|Default-Default_z|Default-DorsAttn_z|Default-Limbic_z,19408
data/raw_remote/arcdev/data/users1/ywei/data/ABCD/fmri/descriptors/ica_dyno_descriptors.csv,/data/users1/ywei/data/ABCD/fmri/descriptors/ica_dyno_descriptors.csv,.csv,12675860,33,subject_id|session_id|summary|Subcortical_autocorr_lag1|Auditory_autocorr_lag1|Sensorimotor_autocorr_lag1|Visual_autocorr_lag1|Cognitive Control_autocorr_lag1|Default Mode_autocorr_lag1|Cerebellar_autocorr_lag1|autocorr_lag1_ave|Subcortical_autocorr_lag1_z|Auditory_autocorr_lag1_z|Sensorimotor_autocorr_lag1_z|Visual_autocorr_lag1_z|Cognitive Control_autocorr_lag1_z|Default Mode_autocorr_lag1_z|Cerebellar_autocorr_lag1_z|autocorr_lag1_ave_z|Subcortical|Auditory|Sensorimotor|Visual|Cognitive Control|Default Mode|Cerebellar|Subcortical_z|Auditory_z|Sensorimotor_z|Visual_z|Cognitive Control_z|Default Mode_z|Cerebellar_z,18838
data/raw_remote/arcdev/data/users1/ywei/data/ABCD/fmri/descriptors/region_self_descriptors.csv,/data/users1/ywei/data/ABCD/fmri/descriptors/region_self_descriptors.csv,.csv,19741375,79,subject_id|session_id|summary|Vis at left hemisphere|SomMot at left hemisphere|DorsAttn at left hemisphere postcentr|DorsAttn at left hemisphere frontal e|DorsAttn at left hemisphere ventral p|SalVentAttn at left hemisphere pariet|SalVentAttn at left hemisphere tempor|SalVentAttn at left hemisphere fronta|SalVentAttn at left hemisphere|SalVentAttn at left hemisphere medial|Limbic at left hemisphere orbitofront|Limbic at left hemisphere temporal po|Cont at left hemisphere parietal cort|Cont at left hemisphere temporal cort|Cont at left hemisphere orbitofrontal|Cont at left hemisphere|Default at left hemisphere temporal c|Default at left hemisphere parietal c|Default at left hemisphere prefrontal|Default at left hemisphere precuneus |Vis at right hemisphere|SomMot at right hemisphere|DorsAttn at right hemisphere postcent|DorsAttn at right hemisphere frontal |DorsAttn at right hemisphere ventral |SalVentAttn at right hemisphere tempo|SalVentAttn at right hemisphere|SalVentAttn at right hemisphere front|SalVentAttn at right hemisphere media|Limbic at right hemisphere orbitofron|Limbic at right hemisphere temporal p|Cont at right hemisphere parietal cor|Cont at right hemisphere temporal cor|Cont at right hemisphere|Default at right hemisphere parietal |Default at right hemisphere temporal |Default at right hemisphere,18838
data/raw_remote/arcdev/data/users1/ywei/data/ABCD/fmri/metadata.csv,/data/users1/ywei/data/ABCD/fmri/metadata.csv,.csv,759521,11,subject_id|session_id|sex|age|fluid_composite|blood_pressure|height|weight|had_adhd|had_schizophrenia|had_asd,10392
data/raw_remote/arcdev/data/users1/ywei/data/ABIDE2/fmri/descriptors/fc_self_descriptors.csv,/data/users1/ywei/data/ABIDE2/fmri/descriptors/fc_self_descriptors.csv,.csv,1722431,87,Cont-Cont|Cont-Default|Cont-DorsAttn|Cont-Limbic|Cont-SalVentAttn|Cont-SomMot|Cont-Vis|Default-Default|Default-DorsAttn|Default-Limbic|Default-SalVentAttn|Default-SomMot|Default-Vis|DorsAttn-DorsAttn|DorsAttn-Limbic|DorsAttn-SalVentAttn|DorsAttn-SomMot|DorsAttn-Vis|Limbic-Limbic|Limbic-SalVentAttn|Limbic-SomMot|Limbic-Vis|SalVentAttn-SalVentAttn|SalVentAttn-SomMot|SalVentAttn-Vis|SomMot-SomMot|SomMot-Vis|Vis-Vis|subject_id|session_id|Cont-Cont_z|Cont-Default_z|Cont-DorsAttn_z|Cont-Limbic_z|Cont-SalVentAttn_z|Cont-SomMot_z|Cont-Vis_z|Default-Default_z|Default-DorsAttn_z|Default-Limbic_z,1114
data/raw_remote/arcdev/data/users1/ywei/data/ABIDE2/fmri/descriptors/ica_dyno_descriptors.csv,/data/users1/ywei/data/ABIDE2/fmri/descriptors/ica_dyno_descriptors.csv,.csv,46017,3,subject_id|session_id|summary,420
data/raw_remote/arcdev/data/users1/ywei/data/ABIDE2/fmri/descriptors/region_self_descriptors.csv,/data/users1/ywei/data/ABIDE2/fmri/descriptors/region_self_descriptors.csv,.csv,205322,3,subject_id|session_id|summary,1114
data/raw_remote/arcdev/data/users1/ywei/data/ABIDE2/fmri/metadata.csv,/data/users1/ywei/data/ABIDE2/fmri/metadata.csv,.csv,58368,8,subject_id|diagnosis|age|sex|FIQ|VIQ|PIQ|session_id,1115
data/raw_remote/arcdev/data/users1/ywei/data/ADHD200/fmri/descriptors/fc_self_descriptors.csv,/data/users1/ywei/data/ADHD200/fmri/descriptors/fc_self_descriptors.csv,.csv,948723,87,Cont-Cont|Cont-Default|Cont-DorsAttn|Cont-Limbic|Cont-SalVentAttn|Cont-SomMot|Cont-Vis|Default-Default|Default-DorsAttn|Default-Limbic|Default-SalVentAttn|Default-SomMot|Default-Vis|DorsAttn-DorsAttn|DorsAttn-Limbic|DorsAttn-SalVentAttn|DorsAttn-SomMot|DorsAttn-Vis|Limbic-Limbic|Limbic-SalVentAttn|Limbic-SomMot|Limbic-Vis|SalVentAttn-SalVentAttn|SalVentAttn-SomMot|SalVentAttn-Vis|SomMot-SomMot|SomMot-Vis|Vis-Vis|subject_id|session_id|Cont-Cont_z|Cont-Default_z|Cont-DorsAttn_z|Cont-Limbic_z|Cont-SalVentAttn_z|Cont-SomMot_z|Cont-Vis_z|Default-Default_z|Default-DorsAttn_z|Default-Limbic_z,620
data/raw_remote/arcdev/data/users1/ywei/data/ADHD200/fmri/descriptors/ica_dyno_descriptors.csv,/data/users1/ywei/data/ADHD200/fmri/descriptors/ica_dyno_descriptors.csv,.csv,337864,33,subject_id|session_id|summary|Subcortical_autocorr_lag1|Auditory_autocorr_lag1|Sensorimotor_autocorr_lag1|Visual_autocorr_lag1|Cognitive Control_autocorr_lag1|Default Mode_autocorr_lag1|Cerebellar_autocorr_lag1|autocorr_lag1_ave|Subcortical_autocorr_lag1_z|Auditory_autocorr_lag1_z|Sensorimotor_autocorr_lag1_z|Visual_autocorr_lag1_z|Cognitive Control_autocorr_lag1_z|Default Mode_autocorr_lag1_z|Cerebellar_autocorr_lag1_z|autocorr_lag1_ave_z|Subcortical|Auditory|Sensorimotor|Visual|Cognitive Control|Default Mode|Cerebellar|Subcortical_z|Auditory_z|Sensorimotor_z|Visual_z|Cognitive Control_z|Default Mode_z|Cerebellar_z,508
data/raw_remote/arcdev/data/users1/ywei/data/ADHD200/fmri/descriptors/region_self_descriptors.csv,/data/users1/ywei/data/ADHD200/fmri/descriptors/region_self_descriptors.csv,.csv,508512,79,subject_id|session_id|summary|Vis at left hemisphere|SomMot at left hemisphere|DorsAttn at left hemisphere postcentr|DorsAttn at left hemisphere frontal e|DorsAttn at left hemisphere ventral p|SalVentAttn at left hemisphere pariet|SalVentAttn at left hemisphere tempor|SalVentAttn at left hemisphere fronta|SalVentAttn at left hemisphere|SalVentAttn at left hemisphere medial|Limbic at left hemisphere orbitofront|Limbic at left hemisphere temporal po|Cont at left hemisphere parietal cort|Cont at left hemisphere temporal cort|Cont at left hemisphere orbitofrontal|Cont at left hemisphere|Default at left hemisphere temporal c|Default at left hemisphere parietal c|Default at left hemisphere prefrontal|Default at left hemisphere precuneus |Vis at right hemisphere|SomMot at right hemisphere|DorsAttn at right hemisphere postcent|DorsAttn at right hemisphere frontal |DorsAttn at right hemisphere ventral |SalVentAttn at right hemisphere tempo|SalVentAttn at right hemisphere|SalVentAttn at right hemisphere front|SalVentAttn at right hemisphere media|Limbic at right hemisphere orbitofron|Limbic at right hemisphere temporal p|Cont at right hemisphere parietal cor|Cont at right hemisphere temporal cor|Cont at right hemisphere|Default at right hemisphere parietal |Default at right hemisphere temporal |Default at right hemisphere,550
data/raw_remote/arcdev/data/users1/ywei/data/ADHD200/fmri/metadata_with_text_medical_all.csv,/data/users1/ywei/data/ADHD200/fmri/metadata_with_text_medical_all.csv,.csv,189392,9,subject_id|diagnosis|age|sex|Verbal IQ|Performance IQ|session_id|ADHD|text_description,3121
data/raw_remote/arcdev/data/users1/ywei/data/ADNI/fmri/descriptors/fc_self_descriptors.csv,/data/users1/ywei/data/ADNI/fmri/descriptors/fc_self_descriptors.csv,.csv,2015232,87,Cont-Cont|Cont-Default|Cont-DorsAttn|Cont-Limbic|Cont-SalVentAttn|Cont-SomMot|Cont-Vis|Default-Default|Default-DorsAttn|Default-Limbic|Default-SalVentAttn|Default-SomMot|Default-Vis|DorsAttn-DorsAttn|DorsAttn-Limbic|DorsAttn-SalVentAttn|DorsAttn-SomMot|DorsAttn-Vis|Limbic-Limbic|Limbic-SalVentAttn|Limbic-SomMot|Limbic-Vis|SalVentAttn-SalVentAttn|SalVentAttn-SomMot|SalVentAttn-Vis|SomMot-SomMot|SomMot-Vis|Vis-Vis|subject_id|session_id|Cont-Cont_z|Cont-Default_z|Cont-DorsAttn_z|Cont-Limbic_z|Cont-SalVentAttn_z|Cont-SomMot_z|Cont-Vis_z|Default-Default_z|Default-DorsAttn_z|Default-Limbic_z,1284
data/raw_remote/arcdev/data/users1/ywei/data/ADNI/fmri/descriptors/ica_dyno_descriptors.csv,/data/users1/ywei/data/ADNI/fmri/descriptors/ica_dyno_descriptors.csv,.csv,855315,33,subject_id|session_id|summary|Subcortical_autocorr_lag1|Auditory_autocorr_lag1|Sensorimotor_autocorr_lag1|Visual_autocorr_lag1|Cognitive Control_autocorr_lag1|Default Mode_autocorr_lag1|Cerebellar_autocorr_lag1|autocorr_lag1_ave|Subcortical_autocorr_lag1_z|Auditory_autocorr_lag1_z|Sensorimotor_autocorr_lag1_z|Visual_autocorr_lag1_z|Cognitive Control_autocorr_lag1_z|Default Mode_autocorr_lag1_z|Cerebellar_autocorr_lag1_z|autocorr_lag1_ave_z|Subcortical|Auditory|Sensorimotor|Visual|Cognitive Control|Default Mode|Cerebellar|Subcortical_z|Auditory_z|Sensorimotor_z|Visual_z|Cognitive Control_z|Default Mode_z|Cerebellar_z,1168
data/raw_remote/arcdev/data/users1/ywei/data/ADNI/fmri/descriptors/region_self_descriptors.csv,/data/users1/ywei/data/ADNI/fmri/descriptors/region_self_descriptors.csv,.csv,1354710,79,subject_id|session_id|summary|Vis at left hemisphere|SomMot at left hemisphere|DorsAttn at left hemisphere postcentr|DorsAttn at left hemisphere frontal e|DorsAttn at left hemisphere ventral p|SalVentAttn at left hemisphere pariet|SalVentAttn at left hemisphere tempor|SalVentAttn at left hemisphere fronta|SalVentAttn at left hemisphere|SalVentAttn at left hemisphere medial|Limbic at left hemisphere orbitofront|Limbic at left hemisphere temporal po|Cont at left hemisphere parietal cort|Cont at left hemisphere temporal cort|Cont at left hemisphere orbitofrontal|Cont at left hemisphere|Default at left hemisphere temporal c|Default at left hemisphere parietal c|Default at left hemisphere prefrontal|Default at left hemisphere precuneus |Vis at right hemisphere|SomMot at right hemisphere|DorsAttn at right hemisphere postcent|DorsAttn at right hemisphere frontal |DorsAttn at right hemisphere ventral |SalVentAttn at right hemisphere tempo|SalVentAttn at right hemisphere|SalVentAttn at right hemisphere front|SalVentAttn at right hemisphere media|Limbic at right hemisphere orbitofron|Limbic at right hemisphere temporal p|Cont at right hemisphere parietal cor|Cont at right hemisphere temporal cor|Cont at right hemisphere|Default at right hemisphere parietal |Default at right hemisphere temporal |Default at right hemisphere,1281
data/raw_remote/arcdev/data/users1/ywei/data/ADNI/fmri/metadata.csv,/data/users1/ywei/data/ADNI/fmri/metadata.csv,.csv,357621,13,idx|subject_id|session_path|time_path|fmri_path|age|sex|race|diagnosis|apoe4|av45|cdrsb|mmse,1281
data/raw_remote/arcdev/data/users1/ywei/data/BLSA/fmri/metadata.csv,/data/users1/ywei/data/BLSA/fmri/metadata.csv,.csv,328792,22,Index|DTI|MPRAGE|REST|idno|visit|scanner|sex|race|racedescrip|DOVdate|Age|dxatvi|dxfinal|dxonset|dodx|health_exclude|icdcode|APOE4GEN|subject_id|session_id|fmri_path,2103
data/raw_remote/arcdev/data/users1/ywei/data/HCP/fmri/descriptors/fc_self_descriptors.csv,/data/users1/ywei/data/HCP/fmri/descriptors/fc_self_descriptors.csv,.csv,1592890,87,Cont-Cont|Cont-Default|Cont-DorsAttn|Cont-Limbic|Cont-SalVentAttn|Cont-SomMot|Cont-Vis|Default-Default|Default-DorsAttn|Default-Limbic|Default-SalVentAttn|Default-SomMot|Default-Vis|DorsAttn-DorsAttn|DorsAttn-Limbic|DorsAttn-SalVentAttn|DorsAttn-SomMot|DorsAttn-Vis|Limbic-Limbic|Limbic-SalVentAttn|Limbic-SomMot|Limbic-Vis|SalVentAttn-SalVentAttn|SalVentAttn-SomMot|SalVentAttn-Vis|SomMot-SomMot|SomMot-Vis|Vis-Vis|subject_id|session_id|Cont-Cont_z|Cont-Default_z|Cont-DorsAttn_z|Cont-Limbic_z|Cont-SalVentAttn_z|Cont-SomMot_z|Cont-Vis_z|Default-Default_z|Default-DorsAttn_z|Default-Limbic_z,1080
data/raw_remote/arcdev/data/users1/ywei/data/HCP/fmri/descriptors/ica_dyno_descriptors.csv,/data/users1/ywei/data/HCP/fmri/descriptors/ica_dyno_descriptors.csv,.csv,88952,3,subject_id|session_id|summary,834
data/raw_remote/arcdev/data/users1/ywei/data/HCP/fmri/descriptors/region_self_descriptors.csv,/data/users1/ywei/data/HCP/fmri/descriptors/region_self_descriptors.csv,.csv,516889,3,subject_id|session_id|summary,1080
data/raw_remote/arcdev/data/users1/ywei/data/HCP/fmri/metadata_with_text_medical.csv,/data/users1/ywei/data/HCP/fmri/metadata_with_text_medical.csv,.csv,296839,8,subject_id|session_id|age|BMI|sex|fluid_composite|text_description|fluid_composite_z,5396
data/raw_remote/arcdev/data/users1/ywei/data/HCP_Aging/fmri/descriptors/fc_self_descriptors.csv,/data/users1/ywei/data/HCP_Aging/fmri/descriptors/fc_self_descriptors.csv,.csv,1124347,87,Cont-Cont|Cont-Default|Cont-DorsAttn|Cont-Limbic|Cont-SalVentAttn|Cont-SomMot|Cont-Vis|Default-Default|Default-DorsAttn|Default-Limbic|Default-SalVentAttn|Default-SomMot|Default-Vis|DorsAttn-DorsAttn|DorsAttn-Limbic|DorsAttn-SalVentAttn|DorsAttn-SomMot|DorsAttn-Vis|Limbic-Limbic|Limbic-SalVentAttn|Limbic-SomMot|Limbic-Vis|SalVentAttn-SalVentAttn|SalVentAttn-SomMot|SalVentAttn-Vis|SomMot-SomMot|SomMot-Vis|Vis-Vis|subject_id|session_id|Cont-Cont_z|Cont-Default_z|Cont-DorsAttn_z|Cont-Limbic_z|Cont-SalVentAttn_z|Cont-SomMot_z|Cont-Vis_z|Default-Default_z|Default-DorsAttn_z|Default-Limbic_z,726
data/raw_remote/arcdev/data/users1/ywei/data/HCP_Aging/fmri/descriptors/ica_dyno_descriptors.csv,/data/users1/ywei/data/HCP_Aging/fmri/descriptors/ica_dyno_descriptors.csv,.csv,68036,3,subject_id|session_id|summary,726
data/raw_remote/arcdev/data/users1/ywei/data/HCP_Aging/fmri/descriptors/region_self_descriptors.csv,/data/users1/ywei/data/HCP_Aging/fmri/descriptors/region_self_descriptors.csv,.csv,250329,3,subject_id|session_id|summary,726
data/raw_remote/arcdev/data/users1/ywei/data/HCP_Aging/fmri/metadata.csv,/data/users1/ywei/data/HCP_Aging/fmri/metadata.csv,.csv,51686,9,subject_id|session_id|age|sex|fluid_composite|flanker_score|blood_pressure|bmi|cholesterol,633
data/raw_remote/arcdev/data/users1/ywei/data/OASIS3/fmri/descriptors/fc_self_descriptors.csv,/data/users1/ywei/data/OASIS3/fmri/descriptors/fc_self_descriptors.csv,.csv,1419009,87,Cont-Cont|Cont-Default|Cont-DorsAttn|Cont-Limbic|Cont-SalVentAttn|Cont-SomMot|Cont-Vis|Default-Default|Default-DorsAttn|Default-Limbic|Default-SalVentAttn|Default-SomMot|Default-Vis|DorsAttn-DorsAttn|DorsAttn-Limbic|DorsAttn-SalVentAttn|DorsAttn-SomMot|DorsAttn-Vis|Limbic-Limbic|Limbic-SalVentAttn|Limbic-SomMot|Limbic-Vis|SalVentAttn-SalVentAttn|SalVentAttn-SomMot|SalVentAttn-Vis|SomMot-SomMot|SomMot-Vis|Vis-Vis|subject_id|session_id|Cont-Cont_z|Cont-Default_z|Cont-DorsAttn_z|Cont-Limbic_z|Cont-SalVentAttn_z|Cont-SomMot_z|Cont-Vis_z|Default-Default_z|Default-DorsAttn_z|Default-Limbic_z,914
data/raw_remote/arcdev/data/users1/ywei/data/OASIS3/fmri/descriptors/ica_dyno_descriptors.csv,/data/users1/ywei/data/OASIS3/fmri/descriptors/ica_dyno_descriptors.csv,.csv,630666,33,subject_id|session_id|summary|Subcortical_autocorr_lag1|Auditory_autocorr_lag1|Sensorimotor_autocorr_lag1|Visual_autocorr_lag1|Cognitive Control_autocorr_lag1|Default Mode_autocorr_lag1|Cerebellar_autocorr_lag1|autocorr_lag1_ave|Subcortical_autocorr_lag1_z|Auditory_autocorr_lag1_z|Sensorimotor_autocorr_lag1_z|Visual_autocorr_lag1_z|Cognitive Control_autocorr_lag1_z|Default Mode_autocorr_lag1_z|Cerebellar_autocorr_lag1_z|autocorr_lag1_ave_z|Subcortical|Auditory|Sensorimotor|Visual|Cognitive Control|Default Mode|Cerebellar|Subcortical_z|Auditory_z|Sensorimotor_z|Visual_z|Cognitive Control_z|Default Mode_z|Cerebellar_z,914
data/raw_remote/arcdev/data/users1/ywei/data/OASIS3/fmri/descriptors/region_self_descriptors.csv,/data/users1/ywei/data/OASIS3/fmri/descriptors/region_self_descriptors.csv,.csv,803965,79,subject_id|session_id|summary|Vis at left hemisphere|SomMot at left hemisphere|DorsAttn at left hemisphere postcentr|DorsAttn at left hemisphere frontal e|DorsAttn at left hemisphere ventral p|SalVentAttn at left hemisphere pariet|SalVentAttn at left hemisphere tempor|SalVentAttn at left hemisphere fronta|SalVentAttn at left hemisphere|SalVentAttn at left hemisphere medial|Limbic at left hemisphere orbitofront|Limbic at left hemisphere temporal po|Cont at left hemisphere parietal cort|Cont at left hemisphere temporal cort|Cont at left hemisphere orbitofrontal|Cont at left hemisphere|Default at left hemisphere temporal c|Default at left hemisphere parietal c|Default at left hemisphere prefrontal|Default at left hemisphere precuneus |Vis at right hemisphere|SomMot at right hemisphere|DorsAttn at right hemisphere postcent|DorsAttn at right hemisphere frontal |DorsAttn at right hemisphere ventral |SalVentAttn at right hemisphere tempo|SalVentAttn at right hemisphere|SalVentAttn at right hemisphere front|SalVentAttn at right hemisphere media|Limbic at right hemisphere orbitofron|Limbic at right hemisphere temporal p|Cont at right hemisphere parietal cor|Cont at right hemisphere temporal cor|Cont at right hemisphere|Default at right hemisphere parietal |Default at right hemisphere temporal |Default at right hemisphere,914
data/raw_remote/arcdev/data/users1/ywei/data/OASIS3/fmri/metadata.csv,/data/users1/ywei/data/OASIS3/fmri/metadata.csv,.csv,344331,36,fn|subID|iv_days|ADRC_ADRCCLINICALDATAID|subject_id|Date|Age|mmse|ageAtEntry|cdr|commun|dx1|dx2|dx3|dx4|dx5|homehobb|judgment|memory|orient|perscare|apoe|sumbox|acsparnt|height|weight|primStudy|acsStudy|MF|YOB|id|cv_days|diagnosis|day|fmri_path|session_id,914
data/raw_remote/arcdev/data/users1/ywei/data/UKB/fmri/descriptors/fc_self_descriptors.csv,/data/users1/ywei/data/UKB/fmri/descriptors/fc_self_descriptors.csv,.csv,57533168,87,Cont-Cont|Cont-Default|Cont-DorsAttn|Cont-Limbic|Cont-SalVentAttn|Cont-SomMot|Cont-Vis|Default-Default|Default-DorsAttn|Default-Limbic|Default-SalVentAttn|Default-SomMot|Default-Vis|DorsAttn-DorsAttn|DorsAttn-Limbic|DorsAttn-SalVentAttn|DorsAttn-SomMot|DorsAttn-Vis|Limbic-Limbic|Limbic-SalVentAttn|Limbic-SomMot|Limbic-Vis|SalVentAttn-SalVentAttn|SalVentAttn-SomMot|SalVentAttn-Vis|SomMot-SomMot|SomMot-Vis|Vis-Vis|subject_id|session_id|Cont-Cont_z|Cont-Default_z|Cont-DorsAttn_z|Cont-Limbic_z|Cont-SalVentAttn_z|Cont-SomMot_z|Cont-Vis_z|Default-Default_z|Default-DorsAttn_z|Default-Limbic_z,39306
data/raw_remote/arcdev/data/users1/ywei/data/UKB/fmri/descriptors/ica_dyno_descriptors.csv,/data/users1/ywei/data/UKB/fmri/descriptors/ica_dyno_descriptors.csv,.csv,25546494,33,subject_id|session_id|summary|Subcortical_autocorr_lag1|Auditory_autocorr_lag1|Sensorimotor_autocorr_lag1|Visual_autocorr_lag1|Cognitive Control_autocorr_lag1|Default Mode_autocorr_lag1|Cerebellar_autocorr_lag1|autocorr_lag1_ave|Subcortical_autocorr_lag1_z|Auditory_autocorr_lag1_z|Sensorimotor_autocorr_lag1_z|Visual_autocorr_lag1_z|Cognitive Control_autocorr_lag1_z|Default Mode_autocorr_lag1_z|Cerebellar_autocorr_lag1_z|autocorr_lag1_ave_z|Subcortical|Auditory|Sensorimotor|Visual|Cognitive Control|Default Mode|Cerebellar|Subcortical_z|Auditory_z|Sensorimotor_z|Visual_z|Cognitive Control_z|Default Mode_z|Cerebellar_z,39306
data/raw_remote/arcdev/data/users1/ywei/data/UKB/fmri/descriptors/region_self_descriptors.csv,/data/users1/ywei/data/UKB/fmri/descriptors/region_self_descriptors.csv,.csv,39487966,79,subject_id|session_id|summary|Vis at left hemisphere|SomMot at left hemisphere|DorsAttn at left hemisphere postcentr|DorsAttn at left hemisphere frontal e|DorsAttn at left hemisphere ventral p|SalVentAttn at left hemisphere pariet|SalVentAttn at left hemisphere tempor|SalVentAttn at left hemisphere fronta|SalVentAttn at left hemisphere|SalVentAttn at left hemisphere medial|Limbic at left hemisphere orbitofront|Limbic at left hemisphere temporal po|Cont at left hemisphere parietal cort|Cont at left hemisphere temporal cort|Cont at left hemisphere orbitofrontal|Cont at left hemisphere|Default at left hemisphere temporal c|Default at left hemisphere parietal c|Default at left hemisphere prefrontal|Default at left hemisphere precuneus |Vis at right hemisphere|SomMot at right hemisphere|DorsAttn at right hemisphere postcent|DorsAttn at right hemisphere frontal |DorsAttn at right hemisphere ventral |SalVentAttn at right hemisphere tempo|SalVentAttn at right hemisphere|SalVentAttn at right hemisphere front|SalVentAttn at right hemisphere media|Limbic at right hemisphere orbitofron|Limbic at right hemisphere temporal p|Cont at right hemisphere parietal cor|Cont at right hemisphere temporal cor|Cont at right hemisphere|Default at right hemisphere parietal |Default at right hemisphere temporal |Default at right hemisphere,39306
data/raw_remote/arcdev/data/users1/ywei/data/UKB/fmri/metadata.csv,/data/users1/ywei/data/UKB/fmri/metadata.csv,.csv,1808561,9,subject_id|session_id|age|sex|height|fluid intelligence|blood pressure level|cholesterol level|BMI,39293
